ステータス,出版社,発刊日,タイトル内容,URL,検知日
既知,医学図書出版,-,前立腺がん検診ガイドライン 2025年版,https://igakutosho.co.jp/collections/book,2026-02-04
既知,医学図書出版,-,エビデンスに基づいた 胆道癌診療ガイドライン 改訂第4版,https://igakutosho.co.jp/collections/book,2026-02-04
既知,医学図書出版,-,膵・胆管合流異常／先天性胆道拡張症診療ガイドライン 改訂第2版,https://igakutosho.co.jp/collections/book,2026-02-04
既知,医学図書出版,-,尿道狭窄症診療ガイドライン2024 年版,https://igakutosho.co.jp/collections/book,2026-02-04
既知,医学図書出版,-,泌尿器科領域における周術期感染予防ガイドライン2023,https://igakutosho.co.jp/collections/book,2026-02-04
既知,医学図書出版,-,尿路結石症診療ガイドライン 第3版,https://igakutosho.co.jp/collections/book,2026-02-04
既知,医学図書出版,-,膀胱癌診療ガイドライン2019 年版［増補版］,https://igakutosho.co.jp/collections/book,2026-02-04
既知,医学図書出版,-,腎盂・尿管癌診療ガイドライン 2023年版,https://igakutosho.co.jp/collections/book,2026-02-04
既知,金原出版(規約PDF),-,【PDF更新】金原出版(規約PDF),https://www.kanehara-shuppan.co.jp/_data/books/ky_new.pdf,2026-02-04
既知,金原出版(GL PDF),-,【PDF更新】金原出版(GL PDF),https://www.kanehara-shuppan.co.jp/_data/books/gl_new.pdf,2026-02-04
